<?xml version="1.0" encoding="UTF-8" standalone="yes"?>
<addon id="plugin.video.flixon" name="FLIXTVON" version="1.2.7+matrix" provider-name="FLIXTVON">
	<requires>
		<import addon="script.module.six" />
		<import addon="script.module.kodi-six" />
		<import addon="script.module.requests-cache"/>
		<import addon="script.module.requests"/>
		<import addon="script.module.websocket" version="0.50.0"  optional="true"/>
		<import addon="script.module.youtube.dl" optional="true"/>
		<import addon="plugin.video.youtube" optional="true" />
		<import addon="script.module.dateutil" optional="true" />
		<import addon="script.module.resolveurl" optional="true"/>
		<import addon="script.module.urlresolver" optional="true"/>
		<import addon="script.module.cloudscraper" optional="true"/>
		<import addon="script.module.inputstreamhelper" optional="true"/>
		<import addon="script.module.slproxy" optional="true"/>
	</requires>
	<extension point="xbmc.python.pluginsource" library="default.py">
		<provides>video</provides>
	</extension>

	<extension point="xbmc.addon.metadata">
		<summary>FLIXTVON SEMPRE ONLINE</summary>
		<description>
O desenvolvedor desse Addon nÃo e afiliado com KodiXMBC Fundation e não se responsabiliza pelo conteudo encontrado aqui nem o mau uso do mesmo.</description>
		<platform>all</platform>
		<assets>
			<icon>icon.png</icon>
			<fanart>fanart.jpg</fanart>
		</assets>
	</extension>
</addon>
