<?xml version="1.0" encoding="UTF-8" standalone="yes"?>
<addon id="plugin.video.resolverurl_player" version="1.0.0+matrix" name="[B]RESOLVER PLAYER[/B]" provider-name="OnePlay Team">
    <requires>
        <import addon="script.module.simplejson" />
        <import addon="script.module.six" />
        <import addon="script.module.kodi-six" />
		<import addon="script.module.requests"/>
		<import addon="script.module.beautifulsoup4"/>
        <import addon="plugin.video.youtube" optional="true" />
        <import addon="script.module.python.twitch" optional="true" />
        <import addon="plugin.googledrive" optional="true" />        
    </requires>
    <extension point="xbmc.python.module" library="lib" />
    <extension point="xbmc.python.pluginsource" library="default.py">
        <provides>video</provides>
    </extension>	
    <extension point="xbmc.addon.metadata">
		<summary>Resolver player é um addon de reprodução de link</summary>
		<description>Todos os videos são de sites de terceiros, não hospedamos conteudo</description>
        <platform>all</platform>
        <license>GNU GENERAL PUBLIC LICENSE. Version 3, 29 June 2007</license>
        <disclaimer>The author of this addon do not host any of the content which is found and have no affiliation with any of the content providers. This addon simply searches websites for content. Use at your own risk!</disclaimer>
        <assets>
            <icon>icon.png</icon>
            <fanart>fanart.jpg</fanart>
        </assets>
    </extension>
</addon>
